{"fps": 23.998704523372556, "frame_count": 741, "num_seconds": 30.87666666666667}